datetime;mes_ano;MES;Reservas embalses anuales (GWh);Reservas embalses hiperanuales (GWh)
2015-10-01;10-15;oct-15;3.714;4.909
2015-10-02;10-15;oct-15;3.714;4.909
2015-10-03;10-15;oct-15;3.714;4.909
2015-10-04;10-15;oct-15;3.714;4.909
2015-10-05;10-15;oct-15;3.714;4.909
2015-10-06;10-15;oct-15;3.714;4.909
2015-10-07;10-15;oct-15;3.714;4.909
2015-10-08;10-15;oct-15;3.714;4.909
2015-10-09;10-15;oct-15;3.714;4.909
2015-10-10;10-15;oct-15;3.714;4.909
2015-10-11;10-15;oct-15;3.714;4.909
2015-10-12;10-15;oct-15;3.714;4.909
2015-10-13;10-15;oct-15;3.714;4.909
2015-10-14;10-15;oct-15;3.714;4.909
2015-10-15;10-15;oct-15;3.714;4.909
2015-10-16;10-15;oct-15;3.714;4.909
2015-10-17;10-15;oct-15;3.714;4.909
2015-10-18;10-15;oct-15;3.714;4.909
2015-10-19;10-15;oct-15;3.714;4.909
2015-10-20;10-15;oct-15;3.714;4.909
2015-10-21;10-15;oct-15;3.714;4.909
2015-10-22;10-15;oct-15;3.714;4.909
2015-10-23;10-15;oct-15;3.714;4.909
2015-10-24;10-15;oct-15;3.714;4.909
2015-10-25;10-15;oct-15;3.714;4.909
2015-10-26;10-15;oct-15;3.714;4.909
2015-10-27;10-15;oct-15;3.714;4.909
2015-10-28;10-15;oct-15;3.714;4.909
2015-10-29;10-15;oct-15;3.714;4.909
2015-10-30;10-15;oct-15;3.714;4.909
2015-10-31;10-15;oct-15;3.714;4.909
2015-11-01;11-15;nov-15;3.9360000000000004;4.809
2015-11-02;11-15;nov-15;3.9360000000000004;4.809
2015-11-03;11-15;nov-15;3.9360000000000004;4.809
2015-11-04;11-15;nov-15;3.9360000000000004;4.809
2015-11-05;11-15;nov-15;3.9360000000000004;4.809
2015-11-06;11-15;nov-15;3.9360000000000004;4.809
2015-11-07;11-15;nov-15;3.9360000000000004;4.809
2015-11-08;11-15;nov-15;3.9360000000000004;4.809
2015-11-09;11-15;nov-15;3.9360000000000004;4.809
2015-11-10;11-15;nov-15;3.9360000000000004;4.809
2015-11-11;11-15;nov-15;3.9360000000000004;4.809
2015-11-12;11-15;nov-15;3.9360000000000004;4.809
2015-11-13;11-15;nov-15;3.9360000000000004;4.809
2015-11-14;11-15;nov-15;3.9360000000000004;4.809
2015-11-15;11-15;nov-15;3.9360000000000004;4.809
2015-11-16;11-15;nov-15;3.9360000000000004;4.809
2015-11-17;11-15;nov-15;3.9360000000000004;4.809
2015-11-18;11-15;nov-15;3.9360000000000004;4.809
2015-11-19;11-15;nov-15;3.9360000000000004;4.809
2015-11-20;11-15;nov-15;3.9360000000000004;4.809
2015-11-21;11-15;nov-15;3.9360000000000004;4.809
2015-11-22;11-15;nov-15;3.9360000000000004;4.809
2015-11-23;11-15;nov-15;3.9360000000000004;4.809
2015-11-24;11-15;nov-15;3.9360000000000004;4.809
2015-11-25;11-15;nov-15;3.9360000000000004;4.809
2015-11-26;11-15;nov-15;3.9360000000000004;4.809
2015-11-27;11-15;nov-15;3.9360000000000004;4.809
2015-11-28;11-15;nov-15;3.9360000000000004;4.809
2015-11-29;11-15;nov-15;3.9360000000000004;4.809
2015-11-30;11-15;nov-15;3.9360000000000004;4.809
2015-12-01;12-15;dic-15;3.8369999999999997;4.8069999999999995
2015-12-02;12-15;dic-15;3.8369999999999997;4.8069999999999995
2015-12-03;12-15;dic-15;3.8369999999999997;4.8069999999999995
2015-12-04;12-15;dic-15;3.8369999999999997;4.8069999999999995
2015-12-05;12-15;dic-15;3.8369999999999997;4.8069999999999995
2015-12-06;12-15;dic-15;3.8369999999999997;4.8069999999999995
2015-12-07;12-15;dic-15;3.8369999999999997;4.8069999999999995
2015-12-08;12-15;dic-15;3.8369999999999997;4.8069999999999995
2015-12-09;12-15;dic-15;3.8369999999999997;4.8069999999999995
2015-12-10;12-15;dic-15;3.8369999999999997;4.8069999999999995
2015-12-11;12-15;dic-15;3.8369999999999997;4.8069999999999995
2015-12-12;12-15;dic-15;3.8369999999999997;4.8069999999999995
2015-12-13;12-15;dic-15;3.8369999999999997;4.8069999999999995
2015-12-14;12-15;dic-15;3.8369999999999997;4.8069999999999995
2015-12-15;12-15;dic-15;3.8369999999999997;4.8069999999999995
2015-12-16;12-15;dic-15;3.8369999999999997;4.8069999999999995
2015-12-17;12-15;dic-15;3.8369999999999997;4.8069999999999995
2015-12-18;12-15;dic-15;3.8369999999999997;4.8069999999999995
2015-12-19;12-15;dic-15;3.8369999999999997;4.8069999999999995
2015-12-20;12-15;dic-15;3.8369999999999997;4.8069999999999995
2015-12-21;12-15;dic-15;3.8369999999999997;4.8069999999999995
2015-12-22;12-15;dic-15;3.8369999999999997;4.8069999999999995
2015-12-23;12-15;dic-15;3.8369999999999997;4.8069999999999995
2015-12-24;12-15;dic-15;3.8369999999999997;4.8069999999999995
2015-12-25;12-15;dic-15;3.8369999999999997;4.8069999999999995
2015-12-26;12-15;dic-15;3.8369999999999997;4.8069999999999995
2015-12-27;12-15;dic-15;3.8369999999999997;4.8069999999999995
2015-12-28;12-15;dic-15;3.8369999999999997;4.8069999999999995
2015-12-29;12-15;dic-15;3.8369999999999997;4.8069999999999995
2015-12-30;12-15;dic-15;3.8369999999999997;4.8069999999999995
2015-12-31;12-15;dic-15;3.8369999999999997;4.8069999999999995
2016-01-01;1-16;ene-16;5.689;5.537999999999999
2016-01-02;1-16;ene-16;5.689;5.537999999999999
2016-01-03;1-16;ene-16;5.689;5.537999999999999
2016-01-04;1-16;ene-16;5.689;5.537999999999999
2016-01-05;1-16;ene-16;5.689;5.537999999999999
2016-01-06;1-16;ene-16;5.689;5.537999999999999
2016-01-07;1-16;ene-16;5.689;5.537999999999999
2016-01-08;1-16;ene-16;5.689;5.537999999999999
2016-01-09;1-16;ene-16;5.689;5.537999999999999
2016-01-10;1-16;ene-16;5.689;5.537999999999999
2016-01-11;1-16;ene-16;5.689;5.537999999999999
2016-01-12;1-16;ene-16;5.689;5.537999999999999
2016-01-13;1-16;ene-16;5.689;5.537999999999999
2016-01-14;1-16;ene-16;5.689;5.537999999999999
2016-01-15;1-16;ene-16;5.689;5.537999999999999
2016-01-16;1-16;ene-16;5.689;5.537999999999999
2016-01-17;1-16;ene-16;5.689;5.537999999999999
2016-01-18;1-16;ene-16;5.689;5.537999999999999
2016-01-19;1-16;ene-16;5.689;5.537999999999999
2016-01-20;1-16;ene-16;5.689;5.537999999999999
2016-01-21;1-16;ene-16;5.689;5.537999999999999
2016-01-22;1-16;ene-16;5.689;5.537999999999999
2016-01-23;1-16;ene-16;5.689;5.537999999999999
2016-01-24;1-16;ene-16;5.689;5.537999999999999
2016-01-25;1-16;ene-16;5.689;5.537999999999999
2016-01-26;1-16;ene-16;5.689;5.537999999999999
2016-01-27;1-16;ene-16;5.689;5.537999999999999
2016-01-28;1-16;ene-16;5.689;5.537999999999999
2016-01-29;1-16;ene-16;5.689;5.537999999999999
2016-01-30;1-16;ene-16;5.689;5.537999999999999
2016-01-31;1-16;ene-16;5.689;5.537999999999999
2016-02-01;2-16;feb-16;6.077999999999999;5.9879999999999995
2016-02-02;2-16;feb-16;6.077999999999999;5.9879999999999995
2016-02-03;2-16;feb-16;6.077999999999999;5.9879999999999995
2016-02-04;2-16;feb-16;6.077999999999999;5.9879999999999995
2016-02-05;2-16;feb-16;6.077999999999999;5.9879999999999995
2016-02-06;2-16;feb-16;6.077999999999999;5.9879999999999995
2016-02-07;2-16;feb-16;6.077999999999999;5.9879999999999995
2016-02-08;2-16;feb-16;6.077999999999999;5.9879999999999995
2016-02-09;2-16;feb-16;6.077999999999999;5.9879999999999995
2016-02-10;2-16;feb-16;6.077999999999999;5.9879999999999995
2016-02-11;2-16;feb-16;6.077999999999999;5.9879999999999995
2016-02-12;2-16;feb-16;6.077999999999999;5.9879999999999995
2016-02-13;2-16;feb-16;6.077999999999999;5.9879999999999995
2016-02-14;2-16;feb-16;6.077999999999999;5.9879999999999995
2016-02-15;2-16;feb-16;6.077999999999999;5.9879999999999995
2016-02-16;2-16;feb-16;6.077999999999999;5.9879999999999995
2016-02-17;2-16;feb-16;6.077999999999999;5.9879999999999995
2016-02-18;2-16;feb-16;6.077999999999999;5.9879999999999995
2016-02-19;2-16;feb-16;6.077999999999999;5.9879999999999995
2016-02-20;2-16;feb-16;6.077999999999999;5.9879999999999995
2016-02-21;2-16;feb-16;6.077999999999999;5.9879999999999995
2016-02-22;2-16;feb-16;6.077999999999999;5.9879999999999995
2016-02-23;2-16;feb-16;6.077999999999999;5.9879999999999995
2016-02-24;2-16;feb-16;6.077999999999999;5.9879999999999995
2016-02-25;2-16;feb-16;6.077999999999999;5.9879999999999995
2016-02-26;2-16;feb-16;6.077999999999999;5.9879999999999995
2016-02-27;2-16;feb-16;6.077999999999999;5.9879999999999995
2016-02-28;2-16;feb-16;6.077999999999999;5.9879999999999995
2016-02-29;2-16;feb-16;6.077999999999999;5.9879999999999995
2016-03-01;3-16;mar-16;6.1339999999999995;6.172000000000001
2016-03-02;3-16;mar-16;6.1339999999999995;6.172000000000001
2016-03-03;3-16;mar-16;6.1339999999999995;6.172000000000001
2016-03-04;3-16;mar-16;6.1339999999999995;6.172000000000001
2016-03-05;3-16;mar-16;6.1339999999999995;6.172000000000001
2016-03-06;3-16;mar-16;6.1339999999999995;6.172000000000001
2016-03-07;3-16;mar-16;6.1339999999999995;6.172000000000001
2016-03-08;3-16;mar-16;6.1339999999999995;6.172000000000001
2016-03-09;3-16;mar-16;6.1339999999999995;6.172000000000001
2016-03-10;3-16;mar-16;6.1339999999999995;6.172000000000001
2016-03-11;3-16;mar-16;6.1339999999999995;6.172000000000001
2016-03-12;3-16;mar-16;6.1339999999999995;6.172000000000001
2016-03-13;3-16;mar-16;6.1339999999999995;6.172000000000001
2016-03-14;3-16;mar-16;6.1339999999999995;6.172000000000001
2016-03-15;3-16;mar-16;6.1339999999999995;6.172000000000001
2016-03-16;3-16;mar-16;6.1339999999999995;6.172000000000001
2016-03-17;3-16;mar-16;6.1339999999999995;6.172000000000001
2016-03-18;3-16;mar-16;6.1339999999999995;6.172000000000001
2016-03-19;3-16;mar-16;6.1339999999999995;6.172000000000001
2016-03-20;3-16;mar-16;6.1339999999999995;6.172000000000001
2016-03-21;3-16;mar-16;6.1339999999999995;6.172000000000001
2016-03-22;3-16;mar-16;6.1339999999999995;6.172000000000001
2016-03-23;3-16;mar-16;6.1339999999999995;6.172000000000001
2016-03-24;3-16;mar-16;6.1339999999999995;6.172000000000001
2016-03-25;3-16;mar-16;6.1339999999999995;6.172000000000001
2016-03-26;3-16;mar-16;6.1339999999999995;6.172000000000001
2016-03-27;3-16;mar-16;6.1339999999999995;6.172000000000001
2016-03-28;3-16;mar-16;6.1339999999999995;6.172000000000001
2016-03-29;3-16;mar-16;6.1339999999999995;6.172000000000001
2016-03-30;3-16;mar-16;6.1339999999999995;6.172000000000001
2016-03-31;3-16;mar-16;6.1339999999999995;6.172000000000001
2016-04-01;4-16;abr-16;6.841;6.3389999999999995
2016-04-02;4-16;abr-16;6.841;6.3389999999999995
2016-04-03;4-16;abr-16;6.841;6.3389999999999995
2016-04-04;4-16;abr-16;6.841;6.3389999999999995
2016-04-05;4-16;abr-16;6.841;6.3389999999999995
2016-04-06;4-16;abr-16;6.841;6.3389999999999995
2016-04-07;4-16;abr-16;6.841;6.3389999999999995
2016-04-08;4-16;abr-16;6.841;6.3389999999999995
2016-04-09;4-16;abr-16;6.841;6.3389999999999995
2016-04-10;4-16;abr-16;6.841;6.3389999999999995
2016-04-11;4-16;abr-16;6.841;6.3389999999999995
2016-04-12;4-16;abr-16;6.841;6.3389999999999995
2016-04-13;4-16;abr-16;6.841;6.3389999999999995
2016-04-14;4-16;abr-16;6.841;6.3389999999999995
2016-04-15;4-16;abr-16;6.841;6.3389999999999995
2016-04-16;4-16;abr-16;6.841;6.3389999999999995
2016-04-17;4-16;abr-16;6.841;6.3389999999999995
2016-04-18;4-16;abr-16;6.841;6.3389999999999995
2016-04-19;4-16;abr-16;6.841;6.3389999999999995
2016-04-20;4-16;abr-16;6.841;6.3389999999999995
2016-04-21;4-16;abr-16;6.841;6.3389999999999995
2016-04-22;4-16;abr-16;6.841;6.3389999999999995
2016-04-23;4-16;abr-16;6.841;6.3389999999999995
2016-04-24;4-16;abr-16;6.841;6.3389999999999995
2016-04-25;4-16;abr-16;6.841;6.3389999999999995
2016-04-26;4-16;abr-16;6.841;6.3389999999999995
2016-04-27;4-16;abr-16;6.841;6.3389999999999995
2016-04-28;4-16;abr-16;6.841;6.3389999999999995
2016-04-29;4-16;abr-16;6.841;6.3389999999999995
2016-04-30;4-16;abr-16;6.841;6.3389999999999995
2016-05-01;5-16;may-16;7.105;6.472
2016-05-02;5-16;may-16;7.105;6.472
2016-05-03;5-16;may-16;7.105;6.472
2016-05-04;5-16;may-16;7.105;6.472
2016-05-05;5-16;may-16;7.105;6.472
2016-05-06;5-16;may-16;7.105;6.472
2016-05-07;5-16;may-16;7.105;6.472
2016-05-08;5-16;may-16;7.105;6.472
2016-05-09;5-16;may-16;7.105;6.472
2016-05-10;5-16;may-16;7.105;6.472
2016-05-11;5-16;may-16;7.105;6.472
2016-05-12;5-16;may-16;7.105;6.472
2016-05-13;5-16;may-16;7.105;6.472
2016-05-14;5-16;may-16;7.105;6.472
2016-05-15;5-16;may-16;7.105;6.472
2016-05-16;5-16;may-16;7.105;6.472
2016-05-17;5-16;may-16;7.105;6.472
2016-05-18;5-16;may-16;7.105;6.472
2016-05-19;5-16;may-16;7.105;6.472
2016-05-20;5-16;may-16;7.105;6.472
2016-05-21;5-16;may-16;7.105;6.472
2016-05-22;5-16;may-16;7.105;6.472
2016-05-23;5-16;may-16;7.105;6.472
2016-05-24;5-16;may-16;7.105;6.472
2016-05-25;5-16;may-16;7.105;6.472
2016-05-26;5-16;may-16;7.105;6.472
2016-05-27;5-16;may-16;7.105;6.472
2016-05-28;5-16;may-16;7.105;6.472
2016-05-29;5-16;may-16;7.105;6.472
2016-05-30;5-16;may-16;7.105;6.472
2016-05-31;5-16;may-16;7.105;6.472
2016-06-01;6-16;jun-16;6.557;6.194
2016-06-02;6-16;jun-16;6.557;6.194
2016-06-03;6-16;jun-16;6.557;6.194
2016-06-04;6-16;jun-16;6.557;6.194
2016-06-05;6-16;jun-16;6.557;6.194
2016-06-06;6-16;jun-16;6.557;6.194
2016-06-07;6-16;jun-16;6.557;6.194
2016-06-08;6-16;jun-16;6.557;6.194
2016-06-09;6-16;jun-16;6.557;6.194
2016-06-10;6-16;jun-16;6.557;6.194
2016-06-11;6-16;jun-16;6.557;6.194
2016-06-12;6-16;jun-16;6.557;6.194
2016-06-13;6-16;jun-16;6.557;6.194
2016-06-14;6-16;jun-16;6.557;6.194
2016-06-15;6-16;jun-16;6.557;6.194
2016-06-16;6-16;jun-16;6.557;6.194
2016-06-17;6-16;jun-16;6.557;6.194
2016-06-18;6-16;jun-16;6.557;6.194
2016-06-19;6-16;jun-16;6.557;6.194
2016-06-20;6-16;jun-16;6.557;6.194
2016-06-21;6-16;jun-16;6.557;6.194
2016-06-22;6-16;jun-16;6.557;6.194
2016-06-23;6-16;jun-16;6.557;6.194
2016-06-24;6-16;jun-16;6.557;6.194
2016-06-25;6-16;jun-16;6.557;6.194
2016-06-26;6-16;jun-16;6.557;6.194
2016-06-27;6-16;jun-16;6.557;6.194
2016-06-28;6-16;jun-16;6.557;6.194
2016-06-29;6-16;jun-16;6.557;6.194
2016-06-30;6-16;jun-16;6.557;6.194
2016-07-01;7-16;jul-16;5.609;5.791
2016-07-02;7-16;jul-16;5.609;5.791
2016-07-03;7-16;jul-16;5.609;5.791
2016-07-04;7-16;jul-16;5.609;5.791
2016-07-05;7-16;jul-16;5.609;5.791
2016-07-06;7-16;jul-16;5.609;5.791
2016-07-07;7-16;jul-16;5.609;5.791
2016-07-08;7-16;jul-16;5.609;5.791
2016-07-09;7-16;jul-16;5.609;5.791
2016-07-10;7-16;jul-16;5.609;5.791
2016-07-11;7-16;jul-16;5.609;5.791
2016-07-12;7-16;jul-16;5.609;5.791
2016-07-13;7-16;jul-16;5.609;5.791
2016-07-14;7-16;jul-16;5.609;5.791
2016-07-15;7-16;jul-16;5.609;5.791
2016-07-16;7-16;jul-16;5.609;5.791
2016-07-17;7-16;jul-16;5.609;5.791
2016-07-18;7-16;jul-16;5.609;5.791
2016-07-19;7-16;jul-16;5.609;5.791
2016-07-20;7-16;jul-16;5.609;5.791
2016-07-21;7-16;jul-16;5.609;5.791
2016-07-22;7-16;jul-16;5.609;5.791
2016-07-23;7-16;jul-16;5.609;5.791
2016-07-24;7-16;jul-16;5.609;5.791
2016-07-25;7-16;jul-16;5.609;5.791
2016-07-26;7-16;jul-16;5.609;5.791
2016-07-27;7-16;jul-16;5.609;5.791
2016-07-28;7-16;jul-16;5.609;5.791
2016-07-29;7-16;jul-16;5.609;5.791
2016-07-30;7-16;jul-16;5.609;5.791
2016-07-31;7-16;jul-16;5.609;5.791
2016-08-01;8-16;ago-16;4.545;5.182
2016-08-02;8-16;ago-16;4.545;5.182
2016-08-03;8-16;ago-16;4.545;5.182
2016-08-04;8-16;ago-16;4.545;5.182
2016-08-05;8-16;ago-16;4.545;5.182
2016-08-06;8-16;ago-16;4.545;5.182
2016-08-07;8-16;ago-16;4.545;5.182
2016-08-08;8-16;ago-16;4.545;5.182
2016-08-09;8-16;ago-16;4.545;5.182
2016-08-10;8-16;ago-16;4.545;5.182
2016-08-11;8-16;ago-16;4.545;5.182
2016-08-12;8-16;ago-16;4.545;5.182
2016-08-13;8-16;ago-16;4.545;5.182
2016-08-14;8-16;ago-16;4.545;5.182
2016-08-15;8-16;ago-16;4.545;5.182
2016-08-16;8-16;ago-16;4.545;5.182
2016-08-17;8-16;ago-16;4.545;5.182
2016-08-18;8-16;ago-16;4.545;5.182
2016-08-19;8-16;ago-16;4.545;5.182
2016-08-20;8-16;ago-16;4.545;5.182
2016-08-21;8-16;ago-16;4.545;5.182
2016-08-22;8-16;ago-16;4.545;5.182
2016-08-23;8-16;ago-16;4.545;5.182
2016-08-24;8-16;ago-16;4.545;5.182
2016-08-25;8-16;ago-16;4.545;5.182
2016-08-26;8-16;ago-16;4.545;5.182
2016-08-27;8-16;ago-16;4.545;5.182
2016-08-28;8-16;ago-16;4.545;5.182
2016-08-29;8-16;ago-16;4.545;5.182
2016-08-30;8-16;ago-16;4.545;5.182
2016-08-31;8-16;ago-16;4.545;5.182
2016-09-01;9-16;sep-16;3.765;4.7780000000000005
2016-09-02;9-16;sep-16;3.765;4.7780000000000005
2016-09-03;9-16;sep-16;3.765;4.7780000000000005
2016-09-04;9-16;sep-16;3.765;4.7780000000000005
2016-09-05;9-16;sep-16;3.765;4.7780000000000005
2016-09-06;9-16;sep-16;3.765;4.7780000000000005
2016-09-07;9-16;sep-16;3.765;4.7780000000000005
2016-09-08;9-16;sep-16;3.765;4.7780000000000005
2016-09-09;9-16;sep-16;3.765;4.7780000000000005
2016-09-10;9-16;sep-16;3.765;4.7780000000000005
2016-09-11;9-16;sep-16;3.765;4.7780000000000005
2016-09-12;9-16;sep-16;3.765;4.7780000000000005
2016-09-13;9-16;sep-16;3.765;4.7780000000000005
2016-09-14;9-16;sep-16;3.765;4.7780000000000005
2016-09-15;9-16;sep-16;3.765;4.7780000000000005
2016-09-16;9-16;sep-16;3.765;4.7780000000000005
2016-09-17;9-16;sep-16;3.765;4.7780000000000005
2016-09-18;9-16;sep-16;3.765;4.7780000000000005
2016-09-19;9-16;sep-16;3.765;4.7780000000000005
2016-09-20;9-16;sep-16;3.765;4.7780000000000005
2016-09-21;9-16;sep-16;3.765;4.7780000000000005
2016-09-22;9-16;sep-16;3.765;4.7780000000000005
2016-09-23;9-16;sep-16;3.765;4.7780000000000005
2016-09-24;9-16;sep-16;3.765;4.7780000000000005
2016-09-25;9-16;sep-16;3.765;4.7780000000000005
2016-09-26;9-16;sep-16;3.765;4.7780000000000005
2016-09-27;9-16;sep-16;3.765;4.7780000000000005
2016-09-28;9-16;sep-16;3.765;4.7780000000000005
2016-09-29;9-16;sep-16;3.765;4.7780000000000005
2016-09-30;9-16;sep-16;3.765;4.7780000000000005
2016-10-01;10-16;oct-16;3.148;4.4910000000000005
2016-10-02;10-16;oct-16;3.148;4.4910000000000005
2016-10-03;10-16;oct-16;3.148;4.4910000000000005
2016-10-04;10-16;oct-16;3.148;4.4910000000000005
2016-10-05;10-16;oct-16;3.148;4.4910000000000005
2016-10-06;10-16;oct-16;3.148;4.4910000000000005
2016-10-07;10-16;oct-16;3.148;4.4910000000000005
2016-10-08;10-16;oct-16;3.148;4.4910000000000005
2016-10-09;10-16;oct-16;3.148;4.4910000000000005
2016-10-10;10-16;oct-16;3.148;4.4910000000000005
2016-10-11;10-16;oct-16;3.148;4.4910000000000005
2016-10-12;10-16;oct-16;3.148;4.4910000000000005
2016-10-13;10-16;oct-16;3.148;4.4910000000000005
2016-10-14;10-16;oct-16;3.148;4.4910000000000005
2016-10-15;10-16;oct-16;3.148;4.4910000000000005
2016-10-16;10-16;oct-16;3.148;4.4910000000000005
2016-10-17;10-16;oct-16;3.148;4.4910000000000005
2016-10-18;10-16;oct-16;3.148;4.4910000000000005
2016-10-19;10-16;oct-16;3.148;4.4910000000000005
2016-10-20;10-16;oct-16;3.148;4.4910000000000005
2016-10-21;10-16;oct-16;3.148;4.4910000000000005
2016-10-22;10-16;oct-16;3.148;4.4910000000000005
2016-10-23;10-16;oct-16;3.148;4.4910000000000005
2016-10-24;10-16;oct-16;3.148;4.4910000000000005
2016-10-25;10-16;oct-16;3.148;4.4910000000000005
2016-10-26;10-16;oct-16;3.148;4.4910000000000005
2016-10-27;10-16;oct-16;3.148;4.4910000000000005
2016-10-28;10-16;oct-16;3.148;4.4910000000000005
2016-10-29;10-16;oct-16;3.148;4.4910000000000005
2016-10-30;10-16;oct-16;3.148;4.4910000000000005
2016-10-31;10-16;oct-16;3.148;4.4910000000000005
2016-11-01;11-16;nov-16;3.472;4.266
2016-11-02;11-16;nov-16;3.472;4.266
2016-11-03;11-16;nov-16;3.472;4.266
2016-11-04;11-16;nov-16;3.472;4.266
2016-11-05;11-16;nov-16;3.472;4.266
2016-11-06;11-16;nov-16;3.472;4.266
2016-11-07;11-16;nov-16;3.472;4.266
2016-11-08;11-16;nov-16;3.472;4.266
2016-11-09;11-16;nov-16;3.472;4.266
2016-11-10;11-16;nov-16;3.472;4.266
2016-11-11;11-16;nov-16;3.472;4.266
2016-11-12;11-16;nov-16;3.472;4.266
2016-11-13;11-16;nov-16;3.472;4.266
2016-11-14;11-16;nov-16;3.472;4.266
2016-11-15;11-16;nov-16;3.472;4.266
2016-11-16;11-16;nov-16;3.472;4.266
2016-11-17;11-16;nov-16;3.472;4.266
2016-11-18;11-16;nov-16;3.472;4.266
2016-11-19;11-16;nov-16;3.472;4.266
2016-11-20;11-16;nov-16;3.472;4.266
2016-11-21;11-16;nov-16;3.472;4.266
2016-11-22;11-16;nov-16;3.472;4.266
2016-11-23;11-16;nov-16;3.472;4.266
2016-11-24;11-16;nov-16;3.472;4.266
2016-11-25;11-16;nov-16;3.472;4.266
2016-11-26;11-16;nov-16;3.472;4.266
2016-11-27;11-16;nov-16;3.472;4.266
2016-11-28;11-16;nov-16;3.472;4.266
2016-11-29;11-16;nov-16;3.472;4.266
2016-11-30;11-16;nov-16;3.472;4.266
2016-12-01;12-16;dic-16;3.429;3.843
2016-12-02;12-16;dic-16;3.429;3.843
2016-12-03;12-16;dic-16;3.429;3.843
2016-12-04;12-16;dic-16;3.429;3.843
2016-12-05;12-16;dic-16;3.429;3.843
2016-12-06;12-16;dic-16;3.429;3.843
2016-12-07;12-16;dic-16;3.429;3.843
2016-12-08;12-16;dic-16;3.429;3.843
2016-12-09;12-16;dic-16;3.429;3.843
2016-12-10;12-16;dic-16;3.429;3.843
2016-12-11;12-16;dic-16;3.429;3.843
2016-12-12;12-16;dic-16;3.429;3.843
2016-12-13;12-16;dic-16;3.429;3.843
2016-12-14;12-16;dic-16;3.429;3.843
2016-12-15;12-16;dic-16;3.429;3.843
2016-12-16;12-16;dic-16;3.429;3.843
2016-12-17;12-16;dic-16;3.429;3.843
2016-12-18;12-16;dic-16;3.429;3.843
2016-12-19;12-16;dic-16;3.429;3.843
2016-12-20;12-16;dic-16;3.429;3.843
2016-12-21;12-16;dic-16;3.429;3.843
2016-12-22;12-16;dic-16;3.429;3.843
2016-12-23;12-16;dic-16;3.429;3.843
2016-12-24;12-16;dic-16;3.429;3.843
2016-12-25;12-16;dic-16;3.429;3.843
2016-12-26;12-16;dic-16;3.429;3.843
2016-12-27;12-16;dic-16;3.429;3.843
2016-12-28;12-16;dic-16;3.429;3.843
2016-12-29;12-16;dic-16;3.429;3.843
2016-12-30;12-16;dic-16;3.429;3.843
2016-12-31;12-16;dic-16;3.429;3.843
2017-01-01;1-17;ene-17;2.99;3.363
2017-01-02;1-17;ene-17;2.99;3.363
2017-01-03;1-17;ene-17;2.99;3.363
2017-01-04;1-17;ene-17;2.99;3.363
2017-01-05;1-17;ene-17;2.99;3.363
2017-01-06;1-17;ene-17;2.99;3.363
2017-01-07;1-17;ene-17;2.99;3.363
2017-01-08;1-17;ene-17;2.99;3.363
2017-01-09;1-17;ene-17;2.99;3.363
2017-01-10;1-17;ene-17;2.99;3.363
2017-01-11;1-17;ene-17;2.99;3.363
2017-01-12;1-17;ene-17;2.99;3.363
2017-01-13;1-17;ene-17;2.99;3.363
2017-01-14;1-17;ene-17;2.99;3.363
2017-01-15;1-17;ene-17;2.99;3.363
2017-01-16;1-17;ene-17;2.99;3.363
2017-01-17;1-17;ene-17;2.99;3.363
2017-01-18;1-17;ene-17;2.99;3.363
2017-01-19;1-17;ene-17;2.99;3.363
2017-01-20;1-17;ene-17;2.99;3.363
2017-01-21;1-17;ene-17;2.99;3.363
2017-01-22;1-17;ene-17;2.99;3.363
2017-01-23;1-17;ene-17;2.99;3.363
2017-01-24;1-17;ene-17;2.99;3.363
2017-01-25;1-17;ene-17;2.99;3.363
2017-01-26;1-17;ene-17;2.99;3.363
2017-01-27;1-17;ene-17;2.99;3.363
2017-01-28;1-17;ene-17;2.99;3.363
2017-01-29;1-17;ene-17;2.99;3.363
2017-01-30;1-17;ene-17;2.99;3.363
2017-01-31;1-17;ene-17;2.99;3.363
2017-02-01;2-17;feb-17;4.613;3.588
2017-02-02;2-17;feb-17;4.613;3.588
2017-02-03;2-17;feb-17;4.613;3.588
2017-02-04;2-17;feb-17;4.613;3.588
2017-02-05;2-17;feb-17;4.613;3.588
2017-02-06;2-17;feb-17;4.613;3.588
2017-02-07;2-17;feb-17;4.613;3.588
2017-02-08;2-17;feb-17;4.613;3.588
2017-02-09;2-17;feb-17;4.613;3.588
2017-02-10;2-17;feb-17;4.613;3.588
2017-02-11;2-17;feb-17;4.613;3.588
2017-02-12;2-17;feb-17;4.613;3.588
2017-02-13;2-17;feb-17;4.613;3.588
2017-02-14;2-17;feb-17;4.613;3.588
2017-02-15;2-17;feb-17;4.613;3.588
2017-02-16;2-17;feb-17;4.613;3.588
2017-02-17;2-17;feb-17;4.613;3.588
2017-02-18;2-17;feb-17;4.613;3.588
2017-02-19;2-17;feb-17;4.613;3.588
2017-02-20;2-17;feb-17;4.613;3.588
2017-02-21;2-17;feb-17;4.613;3.588
2017-02-22;2-17;feb-17;4.613;3.588
2017-02-23;2-17;feb-17;4.613;3.588
2017-02-24;2-17;feb-17;4.613;3.588
2017-02-25;2-17;feb-17;4.613;3.588
2017-02-26;2-17;feb-17;4.613;3.588
2017-02-27;2-17;feb-17;4.613;3.588
2017-02-28;2-17;feb-17;4.613;3.588
2017-03-01;3-17;mar-17;4.751;3.4210000000000003
2017-03-02;3-17;mar-17;4.751;3.4210000000000003
2017-03-03;3-17;mar-17;4.751;3.4210000000000003
2017-03-04;3-17;mar-17;4.751;3.4210000000000003
2017-03-05;3-17;mar-17;4.751;3.4210000000000003
2017-03-06;3-17;mar-17;4.751;3.4210000000000003
2017-03-07;3-17;mar-17;4.751;3.4210000000000003
2017-03-08;3-17;mar-17;4.751;3.4210000000000003
2017-03-09;3-17;mar-17;4.751;3.4210000000000003
2017-03-10;3-17;mar-17;4.751;3.4210000000000003
2017-03-11;3-17;mar-17;4.751;3.4210000000000003
2017-03-12;3-17;mar-17;4.751;3.4210000000000003
2017-03-13;3-17;mar-17;4.751;3.4210000000000003
2017-03-14;3-17;mar-17;4.751;3.4210000000000003
2017-03-15;3-17;mar-17;4.751;3.4210000000000003
2017-03-16;3-17;mar-17;4.751;3.4210000000000003
2017-03-17;3-17;mar-17;4.751;3.4210000000000003
2017-03-18;3-17;mar-17;4.751;3.4210000000000003
2017-03-19;3-17;mar-17;4.751;3.4210000000000003
2017-03-20;3-17;mar-17;4.751;3.4210000000000003
2017-03-21;3-17;mar-17;4.751;3.4210000000000003
2017-03-22;3-17;mar-17;4.751;3.4210000000000003
2017-03-23;3-17;mar-17;4.751;3.4210000000000003
2017-03-24;3-17;mar-17;4.751;3.4210000000000003
2017-03-25;3-17;mar-17;4.751;3.4210000000000003
2017-03-26;3-17;mar-17;4.751;3.4210000000000003
2017-03-27;3-17;mar-17;4.751;3.4210000000000003
2017-03-28;3-17;mar-17;4.751;3.4210000000000003
2017-03-29;3-17;mar-17;4.751;3.4210000000000003
2017-03-30;3-17;mar-17;4.751;3.4210000000000003
2017-03-31;3-17;mar-17;4.751;3.4210000000000003
2017-04-01;4-17;abr-17;4.709;3.2939999999999996
2017-04-02;4-17;abr-17;4.709;3.2939999999999996
2017-04-03;4-17;abr-17;4.709;3.2939999999999996
2017-04-04;4-17;abr-17;4.709;3.2939999999999996
2017-04-05;4-17;abr-17;4.709;3.2939999999999996
2017-04-06;4-17;abr-17;4.709;3.2939999999999996
2017-04-07;4-17;abr-17;4.709;3.2939999999999996
2017-04-08;4-17;abr-17;4.709;3.2939999999999996
2017-04-09;4-17;abr-17;4.709;3.2939999999999996
2017-04-10;4-17;abr-17;4.709;3.2939999999999996
2017-04-11;4-17;abr-17;4.709;3.2939999999999996
2017-04-12;4-17;abr-17;4.709;3.2939999999999996
2017-04-13;4-17;abr-17;4.709;3.2939999999999996
2017-04-14;4-17;abr-17;4.709;3.2939999999999996
2017-04-15;4-17;abr-17;4.709;3.2939999999999996
2017-04-16;4-17;abr-17;4.709;3.2939999999999996
2017-04-17;4-17;abr-17;4.709;3.2939999999999996
2017-04-18;4-17;abr-17;4.709;3.2939999999999996
2017-04-19;4-17;abr-17;4.709;3.2939999999999996
2017-04-20;4-17;abr-17;4.709;3.2939999999999996
2017-04-21;4-17;abr-17;4.709;3.2939999999999996
2017-04-22;4-17;abr-17;4.709;3.2939999999999996
2017-04-23;4-17;abr-17;4.709;3.2939999999999996
2017-04-24;4-17;abr-17;4.709;3.2939999999999996
2017-04-25;4-17;abr-17;4.709;3.2939999999999996
2017-04-26;4-17;abr-17;4.709;3.2939999999999996
2017-04-27;4-17;abr-17;4.709;3.2939999999999996
2017-04-28;4-17;abr-17;4.709;3.2939999999999996
2017-04-29;4-17;abr-17;4.709;3.2939999999999996
2017-04-30;4-17;abr-17;4.709;3.2939999999999996
2017-05-01;5-17;may-17;4.931;3.137
2017-05-02;5-17;may-17;4.931;3.137
2017-05-03;5-17;may-17;4.931;3.137
2017-05-04;5-17;may-17;4.931;3.137
2017-05-05;5-17;may-17;4.931;3.137
2017-05-06;5-17;may-17;4.931;3.137
2017-05-07;5-17;may-17;4.931;3.137
2017-05-08;5-17;may-17;4.931;3.137
2017-05-09;5-17;may-17;4.931;3.137
2017-05-10;5-17;may-17;4.931;3.137
2017-05-11;5-17;may-17;4.931;3.137
2017-05-12;5-17;may-17;4.931;3.137
2017-05-13;5-17;may-17;4.931;3.137
2017-05-14;5-17;may-17;4.931;3.137
2017-05-15;5-17;may-17;4.931;3.137
2017-05-16;5-17;may-17;4.931;3.137
2017-05-17;5-17;may-17;4.931;3.137
2017-05-18;5-17;may-17;4.931;3.137
2017-05-19;5-17;may-17;4.931;3.137
2017-05-20;5-17;may-17;4.931;3.137
2017-05-21;5-17;may-17;4.931;3.137
2017-05-22;5-17;may-17;4.931;3.137
2017-05-23;5-17;may-17;4.931;3.137
2017-05-24;5-17;may-17;4.931;3.137
2017-05-25;5-17;may-17;4.931;3.137
2017-05-26;5-17;may-17;4.931;3.137
2017-05-27;5-17;may-17;4.931;3.137
2017-05-28;5-17;may-17;4.931;3.137
2017-05-29;5-17;may-17;4.931;3.137
2017-05-30;5-17;may-17;4.931;3.137
2017-05-31;5-17;may-17;4.931;3.137
2017-06-01;6-17;jun-17;4.572;2.932
2017-06-02;6-17;jun-17;4.572;2.932
2017-06-03;6-17;jun-17;4.572;2.932
2017-06-04;6-17;jun-17;4.572;2.932
2017-06-05;6-17;jun-17;4.572;2.932
2017-06-06;6-17;jun-17;4.572;2.932
2017-06-07;6-17;jun-17;4.572;2.932
2017-06-08;6-17;jun-17;4.572;2.932
2017-06-09;6-17;jun-17;4.572;2.932
2017-06-10;6-17;jun-17;4.572;2.932
2017-06-11;6-17;jun-17;4.572;2.932
2017-06-12;6-17;jun-17;4.572;2.932
2017-06-13;6-17;jun-17;4.572;2.932
2017-06-14;6-17;jun-17;4.572;2.932
2017-06-15;6-17;jun-17;4.572;2.932
2017-06-16;6-17;jun-17;4.572;2.932
2017-06-17;6-17;jun-17;4.572;2.932
2017-06-18;6-17;jun-17;4.572;2.932
2017-06-19;6-17;jun-17;4.572;2.932
2017-06-20;6-17;jun-17;4.572;2.932
2017-06-21;6-17;jun-17;4.572;2.932
2017-06-22;6-17;jun-17;4.572;2.932
2017-06-23;6-17;jun-17;4.572;2.932
2017-06-24;6-17;jun-17;4.572;2.932
2017-06-25;6-17;jun-17;4.572;2.932
2017-06-26;6-17;jun-17;4.572;2.932
2017-06-27;6-17;jun-17;4.572;2.932
2017-06-28;6-17;jun-17;4.572;2.932
2017-06-29;6-17;jun-17;4.572;2.932
2017-06-30;6-17;jun-17;4.572;2.932
2017-07-01;7-17;jul-17;4.0169999999999995;2.852
2017-07-02;7-17;jul-17;4.0169999999999995;2.852
2017-07-03;7-17;jul-17;4.0169999999999995;2.852
2017-07-04;7-17;jul-17;4.0169999999999995;2.852
2017-07-05;7-17;jul-17;4.0169999999999995;2.852
2017-07-06;7-17;jul-17;4.0169999999999995;2.852
2017-07-07;7-17;jul-17;4.0169999999999995;2.852
2017-07-08;7-17;jul-17;4.0169999999999995;2.852
2017-07-09;7-17;jul-17;4.0169999999999995;2.852
2017-07-10;7-17;jul-17;4.0169999999999995;2.852
2017-07-11;7-17;jul-17;4.0169999999999995;2.852
2017-07-12;7-17;jul-17;4.0169999999999995;2.852
2017-07-13;7-17;jul-17;4.0169999999999995;2.852
2017-07-14;7-17;jul-17;4.0169999999999995;2.852
2017-07-15;7-17;jul-17;4.0169999999999995;2.852
2017-07-16;7-17;jul-17;4.0169999999999995;2.852
2017-07-17;7-17;jul-17;4.0169999999999995;2.852
2017-07-18;7-17;jul-17;4.0169999999999995;2.852
2017-07-19;7-17;jul-17;4.0169999999999995;2.852
2017-07-20;7-17;jul-17;4.0169999999999995;2.852
2017-07-21;7-17;jul-17;4.0169999999999995;2.852
2017-07-22;7-17;jul-17;4.0169999999999995;2.852
2017-07-23;7-17;jul-17;4.0169999999999995;2.852
2017-07-24;7-17;jul-17;4.0169999999999995;2.852
2017-07-25;7-17;jul-17;4.0169999999999995;2.852
2017-07-26;7-17;jul-17;4.0169999999999995;2.852
2017-07-27;7-17;jul-17;4.0169999999999995;2.852
2017-07-28;7-17;jul-17;4.0169999999999995;2.852
2017-07-29;7-17;jul-17;4.0169999999999995;2.852
2017-07-30;7-17;jul-17;4.0169999999999995;2.852
2017-07-31;7-17;jul-17;4.0169999999999995;2.852
2017-08-01;8-17;ago-17;3.325;2.7119999999999997
2017-08-02;8-17;ago-17;3.325;2.7119999999999997
2017-08-03;8-17;ago-17;3.325;2.7119999999999997
2017-08-04;8-17;ago-17;3.325;2.7119999999999997
2017-08-05;8-17;ago-17;3.325;2.7119999999999997
2017-08-06;8-17;ago-17;3.325;2.7119999999999997
2017-08-07;8-17;ago-17;3.325;2.7119999999999997
2017-08-08;8-17;ago-17;3.325;2.7119999999999997
2017-08-09;8-17;ago-17;3.325;2.7119999999999997
2017-08-10;8-17;ago-17;3.325;2.7119999999999997
2017-08-11;8-17;ago-17;3.325;2.7119999999999997
2017-08-12;8-17;ago-17;3.325;2.7119999999999997
2017-08-13;8-17;ago-17;3.325;2.7119999999999997
2017-08-14;8-17;ago-17;3.325;2.7119999999999997
2017-08-15;8-17;ago-17;3.325;2.7119999999999997
2017-08-16;8-17;ago-17;3.325;2.7119999999999997
2017-08-17;8-17;ago-17;3.325;2.7119999999999997
2017-08-18;8-17;ago-17;3.325;2.7119999999999997
2017-08-19;8-17;ago-17;3.325;2.7119999999999997
2017-08-20;8-17;ago-17;3.325;2.7119999999999997
2017-08-21;8-17;ago-17;3.325;2.7119999999999997
2017-08-22;8-17;ago-17;3.325;2.7119999999999997
2017-08-23;8-17;ago-17;3.325;2.7119999999999997
2017-08-24;8-17;ago-17;3.325;2.7119999999999997
2017-08-25;8-17;ago-17;3.325;2.7119999999999997
2017-08-26;8-17;ago-17;3.325;2.7119999999999997
2017-08-27;8-17;ago-17;3.325;2.7119999999999997
2017-08-28;8-17;ago-17;3.325;2.7119999999999997
2017-08-29;8-17;ago-17;3.325;2.7119999999999997
2017-08-30;8-17;ago-17;3.325;2.7119999999999997
2017-08-31;8-17;ago-17;3.325;2.7119999999999997
2017-09-01;9-17;sep-17;2.576;2.56
2017-09-02;9-17;sep-17;2.576;2.56
2017-09-03;9-17;sep-17;2.576;2.56
2017-09-04;9-17;sep-17;2.576;2.56
2017-09-05;9-17;sep-17;2.576;2.56
2017-09-06;9-17;sep-17;2.576;2.56
2017-09-07;9-17;sep-17;2.576;2.56
2017-09-08;9-17;sep-17;2.576;2.56
2017-09-09;9-17;sep-17;2.576;2.56
2017-09-10;9-17;sep-17;2.576;2.56
2017-09-11;9-17;sep-17;2.576;2.56
2017-09-12;9-17;sep-17;2.576;2.56
2017-09-13;9-17;sep-17;2.576;2.56
2017-09-14;9-17;sep-17;2.576;2.56
2017-09-15;9-17;sep-17;2.576;2.56
2017-09-16;9-17;sep-17;2.576;2.56
2017-09-17;9-17;sep-17;2.576;2.56
2017-09-18;9-17;sep-17;2.576;2.56
2017-09-19;9-17;sep-17;2.576;2.56
2017-09-20;9-17;sep-17;2.576;2.56
2017-09-21;9-17;sep-17;2.576;2.56
2017-09-22;9-17;sep-17;2.576;2.56
2017-09-23;9-17;sep-17;2.576;2.56
2017-09-24;9-17;sep-17;2.576;2.56
2017-09-25;9-17;sep-17;2.576;2.56
2017-09-26;9-17;sep-17;2.576;2.56
2017-09-27;9-17;sep-17;2.576;2.56
2017-09-28;9-17;sep-17;2.576;2.56
2017-09-29;9-17;sep-17;2.576;2.56
2017-09-30;9-17;sep-17;2.576;2.56
2017-10-01;10-17;oct-17;2.32;2.388
2017-10-02;10-17;oct-17;2.32;2.388
2017-10-03;10-17;oct-17;2.32;2.388
2017-10-04;10-17;oct-17;2.32;2.388
2017-10-05;10-17;oct-17;2.32;2.388
2017-10-06;10-17;oct-17;2.32;2.388
2017-10-07;10-17;oct-17;2.32;2.388
2017-10-08;10-17;oct-17;2.32;2.388
2017-10-09;10-17;oct-17;2.32;2.388
2017-10-10;10-17;oct-17;2.32;2.388
2017-10-11;10-17;oct-17;2.32;2.388
2017-10-12;10-17;oct-17;2.32;2.388
2017-10-13;10-17;oct-17;2.32;2.388
2017-10-14;10-17;oct-17;2.32;2.388
2017-10-15;10-17;oct-17;2.32;2.388
2017-10-16;10-17;oct-17;2.32;2.388
2017-10-17;10-17;oct-17;2.32;2.388
2017-10-18;10-17;oct-17;2.32;2.388
2017-10-19;10-17;oct-17;2.32;2.388
2017-10-20;10-17;oct-17;2.32;2.388
2017-10-21;10-17;oct-17;2.32;2.388
2017-10-22;10-17;oct-17;2.32;2.388
2017-10-23;10-17;oct-17;2.32;2.388
2017-10-24;10-17;oct-17;2.32;2.388
2017-10-25;10-17;oct-17;2.32;2.388
2017-10-26;10-17;oct-17;2.32;2.388
2017-10-27;10-17;oct-17;2.32;2.388
2017-10-28;10-17;oct-17;2.32;2.388
2017-10-29;10-17;oct-17;2.32;2.388
2017-10-30;10-17;oct-17;2.32;2.388
2017-10-31;10-17;oct-17;2.32;2.388
2017-11-01;11-17;nov-17;2.222;2.182
2017-11-02;11-17;nov-17;2.222;2.182
2017-11-03;11-17;nov-17;2.222;2.182
2017-11-04;11-17;nov-17;2.222;2.182
2017-11-05;11-17;nov-17;2.222;2.182
2017-11-06;11-17;nov-17;2.222;2.182
2017-11-07;11-17;nov-17;2.222;2.182
2017-11-08;11-17;nov-17;2.222;2.182
2017-11-09;11-17;nov-17;2.222;2.182
2017-11-10;11-17;nov-17;2.222;2.182
2017-11-11;11-17;nov-17;2.222;2.182
2017-11-12;11-17;nov-17;2.222;2.182
2017-11-13;11-17;nov-17;2.222;2.182
2017-11-14;11-17;nov-17;2.222;2.182
2017-11-15;11-17;nov-17;2.222;2.182
2017-11-16;11-17;nov-17;2.222;2.182
2017-11-17;11-17;nov-17;2.222;2.182
2017-11-18;11-17;nov-17;2.222;2.182
2017-11-19;11-17;nov-17;2.222;2.182
2017-11-20;11-17;nov-17;2.222;2.182
2017-11-21;11-17;nov-17;2.222;2.182
2017-11-22;11-17;nov-17;2.222;2.182
2017-11-23;11-17;nov-17;2.222;2.182
2017-11-24;11-17;nov-17;2.222;2.182
2017-11-25;11-17;nov-17;2.222;2.182
2017-11-26;11-17;nov-17;2.222;2.182
2017-11-27;11-17;nov-17;2.222;2.182
2017-11-28;11-17;nov-17;2.222;2.182
2017-11-29;11-17;nov-17;2.222;2.182
2017-11-30;11-17;nov-17;2.222;2.182
2017-12-01;12-17;dic-17;2.617;2.267
2017-12-02;12-17;dic-17;2.617;2.267
2017-12-03;12-17;dic-17;2.617;2.267
2017-12-04;12-17;dic-17;2.617;2.267
2017-12-05;12-17;dic-17;2.617;2.267
2017-12-06;12-17;dic-17;2.617;2.267
2017-12-07;12-17;dic-17;2.617;2.267
2017-12-08;12-17;dic-17;2.617;2.267
2017-12-09;12-17;dic-17;2.617;2.267
2017-12-10;12-17;dic-17;2.617;2.267
2017-12-11;12-17;dic-17;2.617;2.267
2017-12-12;12-17;dic-17;2.617;2.267
2017-12-13;12-17;dic-17;2.617;2.267
2017-12-14;12-17;dic-17;2.617;2.267
2017-12-15;12-17;dic-17;2.617;2.267
2017-12-16;12-17;dic-17;2.617;2.267
2017-12-17;12-17;dic-17;2.617;2.267
2017-12-18;12-17;dic-17;2.617;2.267
2017-12-19;12-17;dic-17;2.617;2.267
2017-12-20;12-17;dic-17;2.617;2.267
2017-12-21;12-17;dic-17;2.617;2.267
2017-12-22;12-17;dic-17;2.617;2.267
2017-12-23;12-17;dic-17;2.617;2.267
2017-12-24;12-17;dic-17;2.617;2.267
2017-12-25;12-17;dic-17;2.617;2.267
2017-12-26;12-17;dic-17;2.617;2.267
2017-12-27;12-17;dic-17;2.617;2.267
2017-12-28;12-17;dic-17;2.617;2.267
2017-12-29;12-17;dic-17;2.617;2.267
2017-12-30;12-17;dic-17;2.617;2.267
2017-12-31;12-17;dic-17;2.617;2.267
2018-01-01;1-18;ene-18;3.213;2.185
2018-01-02;1-18;ene-18;3.213;2.185
2018-01-03;1-18;ene-18;3.213;2.185
2018-01-04;1-18;ene-18;3.213;2.185
2018-01-05;1-18;ene-18;3.213;2.185
2018-01-06;1-18;ene-18;3.213;2.185
2018-01-07;1-18;ene-18;3.213;2.185
2018-01-08;1-18;ene-18;3.213;2.185
2018-01-09;1-18;ene-18;3.213;2.185
2018-01-10;1-18;ene-18;3.213;2.185
2018-01-11;1-18;ene-18;3.213;2.185
2018-01-12;1-18;ene-18;3.213;2.185
2018-01-13;1-18;ene-18;3.213;2.185
2018-01-14;1-18;ene-18;3.213;2.185
2018-01-15;1-18;ene-18;3.213;2.185
2018-01-16;1-18;ene-18;3.213;2.185
2018-01-17;1-18;ene-18;3.213;2.185
2018-01-18;1-18;ene-18;3.213;2.185
2018-01-19;1-18;ene-18;3.213;2.185
2018-01-20;1-18;ene-18;3.213;2.185
2018-01-21;1-18;ene-18;3.213;2.185
2018-01-22;1-18;ene-18;3.213;2.185
2018-01-23;1-18;ene-18;3.213;2.185
2018-01-24;1-18;ene-18;3.213;2.185
2018-01-25;1-18;ene-18;3.213;2.185
2018-01-26;1-18;ene-18;3.213;2.185
2018-01-27;1-18;ene-18;3.213;2.185
2018-01-28;1-18;ene-18;3.213;2.185
2018-01-29;1-18;ene-18;3.213;2.185
2018-01-30;1-18;ene-18;3.213;2.185
2018-01-31;1-18;ene-18;3.213;2.185
2018-02-01;2-18;feb-18;3.478;2.138
2018-02-02;2-18;feb-18;3.478;2.138
2018-02-03;2-18;feb-18;3.478;2.138
2018-02-04;2-18;feb-18;3.478;2.138
2018-02-05;2-18;feb-18;3.478;2.138
2018-02-06;2-18;feb-18;3.478;2.138
2018-02-07;2-18;feb-18;3.478;2.138
2018-02-08;2-18;feb-18;3.478;2.138
2018-02-09;2-18;feb-18;3.478;2.138
2018-02-10;2-18;feb-18;3.478;2.138
2018-02-11;2-18;feb-18;3.478;2.138
2018-02-12;2-18;feb-18;3.478;2.138
2018-02-13;2-18;feb-18;3.478;2.138
2018-02-14;2-18;feb-18;3.478;2.138
2018-02-15;2-18;feb-18;3.478;2.138
2018-02-16;2-18;feb-18;3.478;2.138
2018-02-17;2-18;feb-18;3.478;2.138
2018-02-18;2-18;feb-18;3.478;2.138
2018-02-19;2-18;feb-18;3.478;2.138
2018-02-20;2-18;feb-18;3.478;2.138
2018-02-21;2-18;feb-18;3.478;2.138
2018-02-22;2-18;feb-18;3.478;2.138
2018-02-23;2-18;feb-18;3.478;2.138
2018-02-24;2-18;feb-18;3.478;2.138
2018-02-25;2-18;feb-18;3.478;2.138
2018-02-26;2-18;feb-18;3.478;2.138
2018-02-27;2-18;feb-18;3.478;2.138
2018-02-28;2-18;feb-18;3.478;2.138
2018-03-01;3-18;mar-18;5.968;3.7310000000000003
2018-03-02;3-18;mar-18;5.968;3.7310000000000003
2018-03-03;3-18;mar-18;5.968;3.7310000000000003
2018-03-04;3-18;mar-18;5.968;3.7310000000000003
2018-03-05;3-18;mar-18;5.968;3.7310000000000003
2018-03-06;3-18;mar-18;5.968;3.7310000000000003
2018-03-07;3-18;mar-18;5.968;3.7310000000000003
2018-03-08;3-18;mar-18;5.968;3.7310000000000003
2018-03-09;3-18;mar-18;5.968;3.7310000000000003
2018-03-10;3-18;mar-18;5.968;3.7310000000000003
2018-03-11;3-18;mar-18;5.968;3.7310000000000003
2018-03-12;3-18;mar-18;5.968;3.7310000000000003
2018-03-13;3-18;mar-18;5.968;3.7310000000000003
2018-03-14;3-18;mar-18;5.968;3.7310000000000003
2018-03-15;3-18;mar-18;5.968;3.7310000000000003
2018-03-16;3-18;mar-18;5.968;3.7310000000000003
2018-03-17;3-18;mar-18;5.968;3.7310000000000003
2018-03-18;3-18;mar-18;5.968;3.7310000000000003
2018-03-19;3-18;mar-18;5.968;3.7310000000000003
2018-03-20;3-18;mar-18;5.968;3.7310000000000003
2018-03-21;3-18;mar-18;5.968;3.7310000000000003
2018-03-22;3-18;mar-18;5.968;3.7310000000000003
2018-03-23;3-18;mar-18;5.968;3.7310000000000003
2018-03-24;3-18;mar-18;5.968;3.7310000000000003
2018-03-25;3-18;mar-18;5.968;3.7310000000000003
2018-03-26;3-18;mar-18;5.968;3.7310000000000003
2018-03-27;3-18;mar-18;5.968;3.7310000000000003
2018-03-28;3-18;mar-18;5.968;3.7310000000000003
2018-03-29;3-18;mar-18;5.968;3.7310000000000003
2018-03-30;3-18;mar-18;5.968;3.7310000000000003
2018-03-31;3-18;mar-18;5.968;3.7310000000000003
2018-04-01;4-18;abr-18;7.0760000000000005;4.822
2018-04-02;4-18;abr-18;7.0760000000000005;4.822
2018-04-03;4-18;abr-18;7.0760000000000005;4.822
2018-04-04;4-18;abr-18;7.0760000000000005;4.822
2018-04-05;4-18;abr-18;7.0760000000000005;4.822
2018-04-06;4-18;abr-18;7.0760000000000005;4.822
2018-04-07;4-18;abr-18;7.0760000000000005;4.822
2018-04-08;4-18;abr-18;7.0760000000000005;4.822
2018-04-09;4-18;abr-18;7.0760000000000005;4.822
2018-04-10;4-18;abr-18;7.0760000000000005;4.822
2018-04-11;4-18;abr-18;7.0760000000000005;4.822
2018-04-12;4-18;abr-18;7.0760000000000005;4.822
2018-04-13;4-18;abr-18;7.0760000000000005;4.822
2018-04-14;4-18;abr-18;7.0760000000000005;4.822
2018-04-15;4-18;abr-18;7.0760000000000005;4.822
2018-04-16;4-18;abr-18;7.0760000000000005;4.822
2018-04-17;4-18;abr-18;7.0760000000000005;4.822
2018-04-18;4-18;abr-18;7.0760000000000005;4.822
2018-04-19;4-18;abr-18;7.0760000000000005;4.822
2018-04-20;4-18;abr-18;7.0760000000000005;4.822
2018-04-21;4-18;abr-18;7.0760000000000005;4.822
2018-04-22;4-18;abr-18;7.0760000000000005;4.822
2018-04-23;4-18;abr-18;7.0760000000000005;4.822
2018-04-24;4-18;abr-18;7.0760000000000005;4.822
2018-04-25;4-18;abr-18;7.0760000000000005;4.822
2018-04-26;4-18;abr-18;7.0760000000000005;4.822
2018-04-27;4-18;abr-18;7.0760000000000005;4.822
2018-04-28;4-18;abr-18;7.0760000000000005;4.822
2018-04-29;4-18;abr-18;7.0760000000000005;4.822
2018-04-30;4-18;abr-18;7.0760000000000005;4.822
2018-05-01;5-18;may-18;7.0920000000000005;5.004
2018-05-02;5-18;may-18;7.0920000000000005;5.004
2018-05-03;5-18;may-18;7.0920000000000005;5.004
2018-05-04;5-18;may-18;7.0920000000000005;5.004
2018-05-05;5-18;may-18;7.0920000000000005;5.004
2018-05-06;5-18;may-18;7.0920000000000005;5.004
2018-05-07;5-18;may-18;7.0920000000000005;5.004
2018-05-08;5-18;may-18;7.0920000000000005;5.004
2018-05-09;5-18;may-18;7.0920000000000005;5.004
2018-05-10;5-18;may-18;7.0920000000000005;5.004
2018-05-11;5-18;may-18;7.0920000000000005;5.004
2018-05-12;5-18;may-18;7.0920000000000005;5.004
2018-05-13;5-18;may-18;7.0920000000000005;5.004
2018-05-14;5-18;may-18;7.0920000000000005;5.004
2018-05-15;5-18;may-18;7.0920000000000005;5.004
2018-05-16;5-18;may-18;7.0920000000000005;5.004
2018-05-17;5-18;may-18;7.0920000000000005;5.004
2018-05-18;5-18;may-18;7.0920000000000005;5.004
2018-05-19;5-18;may-18;7.0920000000000005;5.004
2018-05-20;5-18;may-18;7.0920000000000005;5.004
2018-05-21;5-18;may-18;7.0920000000000005;5.004
2018-05-22;5-18;may-18;7.0920000000000005;5.004
2018-05-23;5-18;may-18;7.0920000000000005;5.004
2018-05-24;5-18;may-18;7.0920000000000005;5.004
2018-05-25;5-18;may-18;7.0920000000000005;5.004
2018-05-26;5-18;may-18;7.0920000000000005;5.004
2018-05-27;5-18;may-18;7.0920000000000005;5.004
2018-05-28;5-18;may-18;7.0920000000000005;5.004
2018-05-29;5-18;may-18;7.0920000000000005;5.004
2018-05-30;5-18;may-18;7.0920000000000005;5.004
2018-05-31;5-18;may-18;7.0920000000000005;5.004
2018-06-01;6-18;jun-18;6.922999999999999;4.954
2018-06-02;6-18;jun-18;6.922999999999999;4.954
2018-06-03;6-18;jun-18;6.922999999999999;4.954
2018-06-04;6-18;jun-18;6.922999999999999;4.954
2018-06-05;6-18;jun-18;6.922999999999999;4.954
2018-06-06;6-18;jun-18;6.922999999999999;4.954
2018-06-07;6-18;jun-18;6.922999999999999;4.954
2018-06-08;6-18;jun-18;6.922999999999999;4.954
2018-06-09;6-18;jun-18;6.922999999999999;4.954
2018-06-10;6-18;jun-18;6.922999999999999;4.954
2018-06-11;6-18;jun-18;6.922999999999999;4.954
2018-06-12;6-18;jun-18;6.922999999999999;4.954
2018-06-13;6-18;jun-18;6.922999999999999;4.954
2018-06-14;6-18;jun-18;6.922999999999999;4.954
2018-06-15;6-18;jun-18;6.922999999999999;4.954
2018-06-16;6-18;jun-18;6.922999999999999;4.954
2018-06-17;6-18;jun-18;6.922999999999999;4.954
2018-06-18;6-18;jun-18;6.922999999999999;4.954
2018-06-19;6-18;jun-18;6.922999999999999;4.954
2018-06-20;6-18;jun-18;6.922999999999999;4.954
2018-06-21;6-18;jun-18;6.922999999999999;4.954
2018-06-22;6-18;jun-18;6.922999999999999;4.954
2018-06-23;6-18;jun-18;6.922999999999999;4.954
2018-06-24;6-18;jun-18;6.922999999999999;4.954
2018-06-25;6-18;jun-18;6.922999999999999;4.954
2018-06-26;6-18;jun-18;6.922999999999999;4.954
2018-06-27;6-18;jun-18;6.922999999999999;4.954
2018-06-28;6-18;jun-18;6.922999999999999;4.954
2018-06-29;6-18;jun-18;6.922999999999999;4.954
2018-06-30;6-18;jun-18;6.922999999999999;4.954
2018-07-01;7-18;jul-18;5.726;4.521
2018-07-02;7-18;jul-18;5.726;4.521
2018-07-03;7-18;jul-18;5.726;4.521
2018-07-04;7-18;jul-18;5.726;4.521
2018-07-05;7-18;jul-18;5.726;4.521
2018-07-06;7-18;jul-18;5.726;4.521
2018-07-07;7-18;jul-18;5.726;4.521
2018-07-08;7-18;jul-18;5.726;4.521
2018-07-09;7-18;jul-18;5.726;4.521
2018-07-10;7-18;jul-18;5.726;4.521
2018-07-11;7-18;jul-18;5.726;4.521
2018-07-12;7-18;jul-18;5.726;4.521
2018-07-13;7-18;jul-18;5.726;4.521
2018-07-14;7-18;jul-18;5.726;4.521
2018-07-15;7-18;jul-18;5.726;4.521
2018-07-16;7-18;jul-18;5.726;4.521
2018-07-17;7-18;jul-18;5.726;4.521
2018-07-18;7-18;jul-18;5.726;4.521
2018-07-19;7-18;jul-18;5.726;4.521
2018-07-20;7-18;jul-18;5.726;4.521
2018-07-21;7-18;jul-18;5.726;4.521
2018-07-22;7-18;jul-18;5.726;4.521
2018-07-23;7-18;jul-18;5.726;4.521
2018-07-24;7-18;jul-18;5.726;4.521
2018-07-25;7-18;jul-18;5.726;4.521
2018-07-26;7-18;jul-18;5.726;4.521
2018-07-27;7-18;jul-18;5.726;4.521
2018-07-28;7-18;jul-18;5.726;4.521
2018-07-29;7-18;jul-18;5.726;4.521
2018-07-30;7-18;jul-18;5.726;4.521
2018-07-31;7-18;jul-18;5.726;4.521
2018-08-01;8-18;ago-18;5.172000000000001;4.143
2018-08-02;8-18;ago-18;5.172000000000001;4.143
2018-08-03;8-18;ago-18;5.172000000000001;4.143
2018-08-04;8-18;ago-18;5.172000000000001;4.143
2018-08-05;8-18;ago-18;5.172000000000001;4.143
2018-08-06;8-18;ago-18;5.172000000000001;4.143
2018-08-07;8-18;ago-18;5.172000000000001;4.143
2018-08-08;8-18;ago-18;5.172000000000001;4.143
2018-08-09;8-18;ago-18;5.172000000000001;4.143
2018-08-10;8-18;ago-18;5.172000000000001;4.143
2018-08-11;8-18;ago-18;5.172000000000001;4.143
2018-08-12;8-18;ago-18;5.172000000000001;4.143
2018-08-13;8-18;ago-18;5.172000000000001;4.143
2018-08-14;8-18;ago-18;5.172000000000001;4.143
2018-08-15;8-18;ago-18;5.172000000000001;4.143
2018-08-16;8-18;ago-18;5.172000000000001;4.143
2018-08-17;8-18;ago-18;5.172000000000001;4.143
2018-08-18;8-18;ago-18;5.172000000000001;4.143
2018-08-19;8-18;ago-18;5.172000000000001;4.143
2018-08-20;8-18;ago-18;5.172000000000001;4.143
2018-08-21;8-18;ago-18;5.172000000000001;4.143
2018-08-22;8-18;ago-18;5.172000000000001;4.143
2018-08-23;8-18;ago-18;5.172000000000001;4.143
2018-08-24;8-18;ago-18;5.172000000000001;4.143
2018-08-25;8-18;ago-18;5.172000000000001;4.143
2018-08-26;8-18;ago-18;5.172000000000001;4.143
2018-08-27;8-18;ago-18;5.172000000000001;4.143
2018-08-28;8-18;ago-18;5.172000000000001;4.143
2018-08-29;8-18;ago-18;5.172000000000001;4.143
2018-08-30;8-18;ago-18;5.172000000000001;4.143
2018-08-31;8-18;ago-18;5.172000000000001;4.143
2018-09-01;9-18;sep-18;4.492;3.701
2018-09-02;9-18;sep-18;4.492;3.701
2018-09-03;9-18;sep-18;4.492;3.701
2018-09-04;9-18;sep-18;4.492;3.701
2018-09-05;9-18;sep-18;4.492;3.701
2018-09-06;9-18;sep-18;4.492;3.701
2018-09-07;9-18;sep-18;4.492;3.701
2018-09-08;9-18;sep-18;4.492;3.701
2018-09-09;9-18;sep-18;4.492;3.701
2018-09-10;9-18;sep-18;4.492;3.701
2018-09-11;9-18;sep-18;4.492;3.701
2018-09-12;9-18;sep-18;4.492;3.701
2018-09-13;9-18;sep-18;4.492;3.701
2018-09-14;9-18;sep-18;4.492;3.701
2018-09-15;9-18;sep-18;4.492;3.701
2018-09-16;9-18;sep-18;4.492;3.701
2018-09-17;9-18;sep-18;4.492;3.701
2018-09-18;9-18;sep-18;4.492;3.701
2018-09-19;9-18;sep-18;4.492;3.701
2018-09-20;9-18;sep-18;4.492;3.701
2018-09-21;9-18;sep-18;4.492;3.701
2018-09-22;9-18;sep-18;4.492;3.701
2018-09-23;9-18;sep-18;4.492;3.701
2018-09-24;9-18;sep-18;4.492;3.701
2018-09-25;9-18;sep-18;4.492;3.701
2018-09-26;9-18;sep-18;4.492;3.701
2018-09-27;9-18;sep-18;4.492;3.701
2018-09-28;9-18;sep-18;4.492;3.701
2018-09-29;9-18;sep-18;4.492;3.701
2018-09-30;9-18;sep-18;4.492;3.701
